Attacker Strategy,ip_port_hop,container_rotate,microseg_acl
overflow_rce,-14.534836086421887,-15.08256627311907,-14.186368287098318
ddos_l7,-14.574836086421886,-15.10256627311907,-14.206368287098318
lateral_ssh,-14.509836086421888,-15.047566273119067,-14.166368287098319
