component,mean
ASSC,2.028495391557597
NC,0.4657270621795154
AIC,1.2304003071244909
